{"cameraMode":{"drawMode":0,"name":"Shaded","section":"Shading Mode"},"sceneLighting":true,"audioPlay":false,"sceneViewState":{"showFog":true,"showMaterialUpdate":false,"showSkybox":true,"showFlares":true,"showImageEffects":true,"showParticleSystems":true},"in2DMode":false,"pivot":{"x":7.033266067504883,"y":-5.97315788269043,"z":23.43157958984375},"rotation":{"x":-0.19587445259094239,"y":-0.07289456576108933,"z":0.014597846195101738,"w":-0.9778227806091309},"size":70.32853698730469,"orthographic":false}